id,first_name,last_name,email,random_buzzword
1,Ellette,Aldridge,ealdridge0@pinterest.com,composite
2,King,Ruggs,kruggs1@goodreads.com,composite
3,Emmalynne,Illingsworth,eillingsworth2@imdb.com,local area network
4,Edi,Mechi,emechi3@cloudflare.com,array
5,Delphinia,Wyllis,dwyllis4@hc360.com,contingency
6,Maxim,Letford,mletford5@stanford.edu,Vision-oriented
7,Kacy,Gullan,kgullan6@creativecommons.org,parallelism
8,Ericha,McMillan,emcmillan7@answers.com,Future-proofed
9,Ashton,Cawsy,acawsy8@statcounter.com,methodical
10,Kelli,Youdell,kyoudell9@hc360.com,Organic
11,Madonna,Hof,mhofa@chronoengine.com,conglomeration
12,Wes,Stocking,wstockingb@buzzfeed.com,value-added
13,Jefferson,Capaldo,jcapaldoc@oaic.gov.au,uniform
14,Neilla,Walklott,nwalklottd@prnewswire.com,discrete
15,Karyl,Lauderdale,klauderdalee@livejournal.com,monitoring
16,Jonathan,Oxburgh,joxburghf@state.tx.us,middleware
17,Hall,Lyste,hlysteg@vinaora.com,Face to face
18,Brenn,Giacobbo,bgiacobboh@vkontakte.ru,Integrated
19,Cyb,Greenrodd,cgreenroddi@live.com,Operative
20,Iorgo,Etoile,ietoilej@shutterfly.com,capacity
21,Coleman,Hazeup,chazeupk@wikia.com,Inverse
22,Ty,Keepence,tkeepencel@e-recht24.de,flexibility
23,Mabelle,Fentem,mfentemm@soup.io,emulation
24,Alric,Overstall,aoverstalln@mtv.com,Profit-focused
25,Tilda,Cottel,tcottelo@xing.com,local
26,Darbee,Gaynes,dgaynesp@wired.com,middleware
27,Viole,Fitzroy,vfitzroyq@w3.org,secured line
28,Faulkner,Nunson,fnunsonr@youtube.com,disintermediate
29,Berny,Seagar,bseagars@senate.gov,client-server
30,Livia,Yurchenko,lyurchenkot@nasa.gov,composite
31,Charis,Gridley,cgridleyu@senate.gov,systemic
32,Louella,Lymer,llymerv@usatoday.com,paradigm
33,Ailsun,Cheer,acheerw@house.gov,Business-focused
34,Gusti,Wrightim,gwrightimx@twitter.com,zero defect
35,Jessee,Bartod,jbartody@digg.com,parallelism
36,Agace,Parfrey,aparfreyz@wiley.com,foreground
37,Ramon,Rijkeseis,rrijkeseis10@ed.gov,leverage
38,Quill,Usborn,qusborn11@howstuffworks.com,Realigned
39,Byrom,Tunder,btunder12@reuters.com,Cross-platform
40,Anatollo,Kiely,akiely13@mediafire.com,grid-enabled
41,Wynn,Delacoste,wdelacoste14@patch.com,user-facing
42,Ronnie,Learned,rlearned15@hatena.ne.jp,Up-sized
43,Carmella,Ommanney,commanney16@vinaora.com,structure
44,Elston,Castane,ecastane17@skyrock.com,Proactive
45,Toni,Coldrick,tcoldrick18@cam.ac.uk,discrete
46,Findlay,Malyan,fmalyan19@tamu.edu,systematic
47,Cherida,Wickett,cwickett1a@bluehost.com,asymmetric
48,Roobbie,Waddam,rwaddam1b@blinklist.com,support
49,Zilvia,Correa,zcorrea1c@examiner.com,tertiary
50,Cad,Leonards,cleonards1d@comcast.net,didactic
51,Glenden,Janiak,gjaniak1e@trellian.com,Progressive
52,Jehu,Hedingham,jhedingham1f@nhs.uk,solution-oriented
53,Suzette,MacCosto,smaccosto1g@hhs.gov,Multi-tiered
54,Gloria,Audley,gaudley1h@discovery.com,Phased
55,Israel,Pickburn,ipickburn1i@gizmodo.com,forecast
56,Allen,McCrory,amccrory1j@yellowpages.com,Upgradable
57,Elvera,Klewi,eklewi1k@fda.gov,toolset
58,Morry,Hainning,mhainning1l@printfriendly.com,monitoring
59,Antoinette,Gobat,agobat1m@taobao.com,Integrated
60,Von,Gather,vgather1n@earthlink.net,De-engineered
61,Spike,Course,scourse1o@scribd.com,Open-architected
62,Anjanette,Ixer,aixer1p@wired.com,knowledge user
63,Viv,Shillitto,vshillitto1q@aboutads.info,upward-trending
64,Tye,McMorland,tmcmorland1r@macromedia.com,Operative
65,Doe,Attenborrow,dattenborrow1s@infoseek.co.jp,Realigned
66,Dniren,Erickson,derickson1t@diigo.com,software
67,Creigh,Stroton,cstroton1u@mit.edu,Triple-buffered
68,Warner,Kenelin,wkenelin1v@w3.org,Proactive
69,Ruby,Davidovich,rdavidovich1w@blogger.com,zero administration
70,Lauren,Spickett,lspickett1x@nps.gov,incremental
71,Winonah,Mulliner,wmulliner1y@si.edu,Enhanced
72,Judie,Rasper,jrasper1z@e-recht24.de,matrices
73,Jeanette,Simison,jsimison20@alexa.com,solution-oriented
74,Burnaby,Goss,bgoss21@cornell.edu,analyzer
75,Abelard,Peer,apeer22@oracle.com,encoding
76,Alric,Prentice,aprentice23@domainmarket.com,Fundamental
77,Sibeal,Verny,sverny24@yellowpages.com,Stand-alone
78,Row,Vasilechko,rvasilechko25@goo.ne.jp,focus group
79,Bev,Marzelle,bmarzelle26@csmonitor.com,composite
80,Joyan,Swinerd,jswinerd27@bandcamp.com,system-worthy
81,Maurita,Tipperton,mtipperton28@mozilla.com,zero administration
82,Cleopatra,Newborn,cnewborn29@accuweather.com,3rd generation
83,Rogers,Mabon,rmabon2a@xrea.com,next generation
84,Justus,Mc Cahey,jmccahey2b@sakura.ne.jp,Persistent
85,Shandie,McGeagh,smcgeagh2c@over-blog.com,dedicated
86,Karon,Fann,kfann2d@harvard.edu,Open-source
87,Putnam,Machent,pmachent2e@mysql.com,Devolved
88,Kipp,Giorgetti,kgiorgetti2f@google.com.au,holistic
89,Betty,McIlwreath,bmcilwreath2g@earthlink.net,composite
90,Lucius,Bradock,lbradock2h@storify.com,object-oriented
91,Shoshanna,Phillipp,sphillipp2i@pbs.org,intangible
92,Mamie,Lammert,mlammert2j@drupal.org,empowering
93,Kelwin,O'Dowgaine,kodowgaine2k@uiuc.edu,Distributed
94,Rod,Sindell,rsindell2l@fc2.com,Customizable
95,Georgianna,Jenk,gjenk2m@webeden.co.uk,object-oriented
96,Caryl,Becaris,cbecaris2n@ebay.com,Mandatory
97,Leeann,Blackmoor,lblackmoor2o@bloomberg.com,Intuitive
98,Marrissa,Epgrave,mepgrave2p@weebly.com,structure
99,Upton,Ternott,uternott2q@cpanel.net,attitude
100,Gilda,Copin,gcopin2r@ed.gov,knowledge base
101,Geri,Syde,gsyde2s@blogtalkradio.com,framework
102,Slade,Gullan,sgullan2t@arstechnica.com,Secured
103,Kenyon,Gloucester,kgloucester2u@tripadvisor.com,firmware
104,Emmery,Dukelow,edukelow2v@phpbb.com,object-oriented
105,Dillie,Nealy,dnealy2w@businessinsider.com,uniform
106,Augustina,Cutbirth,acutbirth2x@soup.io,productivity
107,Artair,Walne,awalne2y@discuz.net,background
108,Elberta,Clancey,eclancey2z@360.cn,help-desk
109,Irma,McCarrick,imccarrick30@yahoo.co.jp,array
110,Sarina,Skellern,sskellern31@webeden.co.uk,Self-enabling
111,Margit,Itzchaky,mitzchaky32@globo.com,Expanded
112,Harriet,Heinsh,hheinsh33@usgs.gov,global
113,Hersch,O'Shaughnessy,hoshaughnessy34@cpanel.net,instruction set
114,Gerry,Dillet,gdillet35@wordpress.com,User-centric
115,Gerhardt,Pennycock,gpennycock36@mit.edu,implementation
116,Xylia,Bolte,xbolte37@miibeian.gov.cn,Operative
117,Joanna,Shaul,jshaul38@scribd.com,non-volatile
118,Clarke,Tumbelty,ctumbelty39@comsenz.com,architecture
119,Sully,Strother,sstrother3a@tinypic.com,hub
120,Louisa,Hawker,lhawker3b@ow.ly,Innovative
121,Tabor,Hedger,thedger3c@businesswire.com,scalable
122,Sonnie,Overal,soveral3d@wikia.com,stable
123,Sherie,Chippindale,schippindale3e@imgur.com,paradigm
124,Ernestine,Leall,eleall3f@mail.ru,strategy
125,Urban,Locker,ulocker3g@moonfruit.com,Focused
126,Hunt,Whitney,hwhitney3h@technorati.com,interface
127,Levi,Dennidge,ldennidge3i@msn.com,attitude-oriented
128,Ramsey,Musprat,rmusprat3j@macromedia.com,capacity
129,Ashley,McCabe,amccabe3k@admin.ch,impactful
130,Wilie,Fawdrie,wfawdrie3l@sitemeter.com,cohesive
131,Arlen,Bolter,abolter3m@china.com.cn,methodical
132,Sonnnie,Goretti,sgoretti3n@hubpages.com,Re-engineered
133,Gina,Brundall,gbrundall3o@weibo.com,leading edge
134,Joe,Levinge,jlevinge3p@hhs.gov,Adaptive
135,Roana,O'Mullaney,romullaney3q@gmpg.org,algorithm
136,Feodor,Mattingley,fmattingley3r@oakley.com,zero administration
137,Dynah,Sandal,dsandal3s@squarespace.com,Cloned
138,Averell,Greschke,agreschke3t@bluehost.com,software
139,Ann-marie,Sand,asand3u@ebay.co.uk,hub
140,Paulie,Sturr,psturr3v@theatlantic.com,incremental
141,Emelita,Phillput,ephillput3w@ox.ac.uk,solution
142,Claudina,Cansdall,ccansdall3x@apache.org,motivating
143,Malinde,L'oiseau,mloiseau3y@vistaprint.com,multi-tasking
144,Wenda,Aitcheson,waitcheson3z@webnode.com,Optimized
145,Steffie,Pelchat,spelchat40@ucoz.com,Self-enabling
146,Fawn,Mobberley,fmobberley41@cnn.com,client-driven
147,Mandel,Duckitt,mduckitt42@weebly.com,instruction set
148,Veriee,Edsell,vedsell43@bigcartel.com,Persistent
149,Sheelah,Handover,shandover44@java.com,leading edge
150,Dominica,Worrill,dworrill45@illinois.edu,application
151,Heida,Syalvester,hsyalvester46@auda.org.au,Reverse-engineered
152,Vaughan,Qualtro,vqualtro47@yelp.com,Graphic Interface
153,Darcee,Hawkyens,dhawkyens48@reference.com,global
154,Man,Absolem,mabsolem49@plala.or.jp,Fundamental
155,Roxy,Viveash,rviveash4a@google.es,local
156,Shela,Duquesnay,sduquesnay4b@hostgator.com,strategy
157,Eustace,Kennefick,ekennefick4c@typepad.com,contextually-based
158,Eugenie,Phair,ephair4d@hc360.com,encompassing
159,Otes,Prowting,oprowting4e@usa.gov,hierarchy
160,Calv,Ludwell,cludwell4f@time.com,toolset
161,Northrop,Orcas,norcas4g@wix.com,intangible
162,Karna,Priddy,kpriddy4h@domainmarket.com,Synchronised
163,Marcel,Durber,mdurber4i@phoca.cz,projection
164,Ileane,Lockhart,ilockhart4j@vistaprint.com,web-enabled
165,Genia,Butler-Bowdon,gbutlerbowdon4k@dmoz.org,asynchronous
166,Tova,Cargon,tcargon4l@dedecms.com,Secured
167,Dulciana,Dawtry,ddawtry4m@cafepress.com,holistic
168,Greggory,Le Floch,glefloch4n@ask.com,24 hour
169,Lucie,Velasquez,lvelasquez4o@mac.com,background
170,Ashlen,Setchell,asetchell4p@dailymail.co.uk,Implemented
171,Osborn,Saunter,osaunter4q@ucla.edu,upward-trending
172,Randa,Tesh,rtesh4r@zdnet.com,full-range
173,Goddart,Thompsett,gthompsett4s@howstuffworks.com,needs-based
174,Malchy,Hargitt,mhargitt4t@scientificamerican.com,capacity
175,Ali,Sherratt,asherratt4u@sciencedirect.com,Virtual
176,Gipsy,Strickler,gstrickler4v@jiathis.com,framework
177,Jimmy,Bailess,jbailess4w@yandex.ru,focus group
178,Eudora,Pretorius,epretorius4x@jigsy.com,even-keeled
179,Neall,Corp,ncorp4y@disqus.com,Synergized
180,Chris,Vondrach,cvondrach4z@hugedomains.com,modular
181,Vlad,Brailsford,vbrailsford50@spotify.com,capability
182,Hasty,Stranio,hstranio51@java.com,secured line
183,Judi,Isbell,jisbell52@miitbeian.gov.cn,matrix
184,Jayme,Deerness,jdeerness53@yolasite.com,next generation
185,Fredra,Skirving,fskirving54@ning.com,secondary
186,Crissie,De Witt,cdewitt55@weather.com,installation
187,Devlen,Tuttle,dtuttle56@state.gov,disintermediate
188,Wakefield,Absolem,wabsolem57@nbcnews.com,bifurcated
189,Giordano,Yemm,gyemm58@java.com,responsive
190,Shalne,Bischof,sbischof59@gravatar.com,implementation
191,Dennie,Remer,dremer5a@com.com,empowering
192,Rosita,Caghy,rcaghy5b@so-net.ne.jp,multimedia
193,Whitaker,Sawkins,wsawkins5c@unc.edu,info-mediaries
194,Casey,Boobyer,cboobyer5d@histats.com,benchmark
195,Casi,Wynn,cwynn5e@tinyurl.com,Streamlined
196,Jolee,Bent,jbent5f@acquirethisname.com,multi-tasking
197,Bonita,Edyson,bedyson5g@state.tx.us,benchmark
198,Elaine,Renackowna,erenackowna5h@smh.com.au,grid-enabled
199,Florri,Manilow,fmanilow5i@constantcontact.com,functionalities
200,Dilly,Gerger,dgerger5j@google.es,Grass-roots
201,Chantalle,Schimann,cschimann5k@netvibes.com,mission-critical
202,Wilbur,O'Kane,wokane5l@google.com,installation
203,Brewster,Nicklin,bnicklin5m@wordpress.com,Persistent
204,Evangelina,Petrozzi,epetrozzi5n@stanford.edu,pricing structure
205,Bessie,Sagg,bsagg5o@domainmarket.com,background
206,Sargent,Mann,smann5p@shop-pro.jp,application
207,Vassili,Trahearn,vtrahearn5q@archive.org,Universal
208,Aguistin,Silverthorne,asilverthorne5r@printfriendly.com,secondary
209,Barron,Worsnip,bworsnip5s@ed.gov,maximized
210,Erich,Killgus,ekillgus5t@mapquest.com,Pre-emptive
211,Hayley,Strutley,hstrutley5u@nbcnews.com,Progressive
212,Nolie,Gwinnel,ngwinnel5v@vimeo.com,Seamless
213,Simonne,Parish,sparish5w@reuters.com,hierarchy
214,Farica,Ricci,fricci5x@yelp.com,holistic
215,Mycah,Chominski,mchominski5y@state.tx.us,reciprocal
216,Ed,Thing,ething5z@jiathis.com,encoding
217,Maybelle,Fleckness,mfleckness60@google.co.jp,Customizable
218,Nickolas,Webberley,nwebberley61@ameblo.jp,Down-sized
219,Dalia,Bernardoni,dbernardoni62@symantec.com,analyzing
220,Elbertina,McCrie,emccrie63@feedburner.com,human-resource
221,Mariellen,Butt,mbutt64@squarespace.com,client-server
222,Vinita,Partener,vpartener65@yellowbook.com,Configurable
223,Vanessa,Oloshin,voloshin66@illinois.edu,parallelism
224,Julie,Launder,jlaunder67@tripadvisor.com,hierarchy
225,Lucine,Abramof,labramof68@cornell.edu,moratorium
226,Blaire,Philipeau,bphilipeau69@vkontakte.ru,impactful
227,Aylmar,Breawood,abreawood6a@bbc.co.uk,Grass-roots
228,Herold,Acum,hacum6b@fastcompany.com,data-warehouse
229,Koralle,Haker,khaker6c@yale.edu,heuristic
230,Inessa,Harrisson,iharrisson6d@yolasite.com,complexity
231,Turner,Joyce,tjoyce6e@nsw.gov.au,Focused
232,Holly,Phidgin,hphidgin6f@geocities.com,access
233,Julietta,Pauly,jpauly6g@icio.us,executive
234,Jerald,Spendlove,jspendlove6h@feedburner.com,Centralized
235,Carlie,Nigh,cnigh6i@com.com,empowering
236,Melisse,Pinnere,mpinnere6j@wikia.com,5th generation
237,Taite,Daughtry,tdaughtry6k@weather.com,maximized
238,Dominic,Sandlin,dsandlin6l@icio.us,benchmark
239,Wilden,Boys,wboys6m@kickstarter.com,array
240,Raleigh,Mingame,rmingame6n@example.com,intranet
241,Zebulen,Humpatch,zhumpatch6o@cbslocal.com,implementation
242,Teddy,Trevan,ttrevan6p@webnode.com,productivity
243,Car,Christoffels,cchristoffels6q@macromedia.com,Synergized
244,Ephrayim,Iskowitz,eiskowitz6r@etsy.com,Expanded
245,Engelbert,Valett,evalett6s@live.com,Ergonomic
246,Fairlie,Harhoff,fharhoff6t@exblog.jp,solution
247,Granny,Bethell,gbethell6u@free.fr,demand-driven
248,Umeko,Minichi,uminichi6v@cbslocal.com,Inverse
249,Breanne,Jonson,bjonson6w@fc2.com,time-frame
250,Lethia,Boate,lboate6x@senate.gov,focus group
251,Bonni,Curl,bcurl6y@unblog.fr,data-warehouse
252,Caterina,Devonald,cdevonald6z@netvibes.com,value-added
253,Clarice,Greschke,cgreschke70@is.gd,Persistent
254,Gigi,Nalder,gnalder71@mtv.com,methodical
255,Dagmar,Kedie,dkedie72@princeton.edu,system engine
256,Mabelle,Frankiewicz,mfrankiewicz73@digg.com,Synergistic
257,Lelah,Jozef,ljozef74@wiley.com,moderator
258,Dukie,Persitt,dpersitt75@nsw.gov.au,Digitized
259,Sutton,Goold,sgoold76@amazon.co.uk,Optimized
260,Normy,Farquarson,nfarquarson77@dyndns.org,paradigm
261,Thurstan,Burnyeat,tburnyeat78@dedecms.com,concept
262,Cornela,Pixton,cpixton79@nih.gov,flexibility
263,Harrison,Greenan,hgreenan7a@wunderground.com,local
264,Beilul,Berth,bberth7b@washingtonpost.com,throughput
265,Bryn,Wycherley,bwycherley7c@dyndns.org,contingency
266,Rance,MacDiarmid,rmacdiarmid7d@bbb.org,Open-architected
267,Kerianne,Suddards,ksuddards7e@who.int,interface
268,Jorge,Crowhurst,jcrowhurst7f@usa.gov,Upgradable
269,Deedee,Banisch,dbanisch7g@msu.edu,solution
270,Lion,Crose,lcrose7h@photobucket.com,Synergistic
271,Anatola,Hovenden,ahovenden7i@diigo.com,bottom-line
272,Camilla,Mundwell,cmundwell7j@europa.eu,toolset
273,Belinda,Maltby,bmaltby7k@timesonline.co.uk,Down-sized
274,Vanya,Van der Hoeven,vvanderhoeven7l@themeforest.net,zero administration
275,Joaquin,Boldt,jboldt7m@domainmarket.com,human-resource
276,Donetta,Dilliston,ddilliston7n@liveinternet.ru,Front-line
277,Dolli,Coysh,dcoysh7o@themeforest.net,neutral
278,Dareen,McKee,dmckee7p@answers.com,leading edge
279,Bidget,Peasby,bpeasby7q@noaa.gov,service-desk
280,Iggy,Jaskiewicz,ijaskiewicz7r@patch.com,time-frame
281,Emerson,Leman,eleman7s@instagram.com,neutral
282,Napoleon,Chiverton,nchiverton7t@barnesandnoble.com,Front-line
283,Corey,Hamblin,chamblin7u@etsy.com,intermediate
284,Falito,Evenden,fevenden7v@usatoday.com,mobile
285,Rosina,Kunkler,rkunkler7w@bloomberg.com,collaboration
286,Cchaddie,Czyz,cczyz7x@ucsd.edu,ability
287,Alphard,Orcas,aorcas7y@nasa.gov,paradigm
288,Alfy,Meijer,ameijer7z@paypal.com,empowering
289,Alanah,Petrichat,apetrichat80@nationalgeographic.com,Operative
290,Jenine,Larmouth,jlarmouth81@usgs.gov,demand-driven
291,Guinevere,Rizzi,grizzi82@wired.com,mobile
292,Colman,Garrow,cgarrow83@gizmodo.com,Programmable
293,Yardley,Cochet,ycochet84@tumblr.com,grid-enabled
294,Onofredo,Coneley,oconeley85@wsj.com,zero administration
295,Jason,Heynen,jheynen86@i2i.jp,multimedia
296,Tierney,Faughey,tfaughey87@bing.com,flexibility
297,Allard,Brangan,abrangan88@livejournal.com,Compatible
298,Giacopo,Briars,gbriars89@senate.gov,asynchronous
299,Tiffie,Wassung,twassung8a@washington.edu,Synergistic
300,Obie,Gyppes,ogyppes8b@macromedia.com,empowering
301,Catherine,MacCaughey,cmaccaughey8c@amazon.de,moratorium
302,Adler,Bigley,abigley8d@godaddy.com,Centralized
303,Vivyan,Koeppke,vkoeppke8e@topsy.com,product
304,Ezekiel,Luby,eluby8f@jiathis.com,Multi-lateral
305,Bealle,Doughty,bdoughty8g@state.gov,multi-state
306,Granthem,Gregon,ggregon8h@amazonaws.com,internet solution
307,Pattin,Paver,ppaver8i@ustream.tv,Focused
308,Trina,Verman,tverman8j@shinystat.com,Advanced
309,Isacco,Hounsom,ihounsom8k@senate.gov,alliance
310,Alane,Staley,astaley8l@msu.edu,time-frame
311,Louis,Middleton,lmiddleton8m@cbc.ca,dedicated
312,Tailor,Cardero,tcardero8n@ft.com,Ameliorated
313,Garner,Franz,gfranz8o@jigsy.com,Synergized
314,Elston,Richfield,erichfield8p@amazon.de,migration
315,Thaxter,Hedgecock,thedgecock8q@biglobe.ne.jp,mission-critical
316,Angie,Bastin,abastin8r@hugedomains.com,well-modulated
317,Cherrita,Ormonde,cormonde8s@accuweather.com,customer loyalty
318,Agnesse,Lorenzetti,alorenzetti8t@imgur.com,Robust
319,Manfred,Conford,mconford8u@storify.com,non-volatile
320,Elissa,Casse,ecasse8v@wikimedia.org,Persevering
321,Merissa,Riteley,mriteley8w@vk.com,Focused
322,Jeremy,Chestnutt,jchestnutt8x@4shared.com,product
323,Darcey,Hourahan,dhourahan8y@house.gov,Customizable
324,Tine,Kersaw,tkersaw8z@fema.gov,support
325,Elston,Wissby,ewissby90@cnn.com,24 hour
326,Julio,Devote,jdevote91@skype.com,Synergistic
327,Rosemary,Acors,racors92@elpais.com,Fully-configurable
328,Aidan,McLaine,amclaine93@nydailynews.com,Graphic Interface
329,Estelle,Dellenbroker,edellenbroker94@cpanel.net,interface
330,Nickola,Dunford,ndunford95@time.com,24/7
331,Stuart,Darinton,sdarinton96@cpanel.net,Ergonomic
332,Merna,Bezzant,mbezzant97@berkeley.edu,bifurcated
333,Alexina,Paddy,apaddy98@histats.com,function
334,Thaxter,Volage,tvolage99@friendfeed.com,capability
335,Sanford,Cattellion,scattellion9a@ucla.edu,adapter
336,Sherwynd,Tungate,stungate9b@chron.com,upward-trending
337,Cairistiona,Leechman,cleechman9c@scientificamerican.com,user-facing
338,Benny,Kyte,bkyte9d@economist.com,system engine
339,Melloney,Kristufek,mkristufek9e@ycombinator.com,access
340,Ursulina,Llewellen,ullewellen9f@rediff.com,web-enabled
341,Clem,Ravenhills,cravenhills9g@netvibes.com,Front-line
342,Joscelin,Kaiser,jkaiser9h@cnet.com,Object-based
343,Karlens,Petchey,kpetchey9i@google.ca,Reactive
344,Renato,Beefon,rbeefon9j@ftc.gov,moratorium
345,Merrili,O'Luby,moluby9k@mit.edu,Cross-group
346,Wes,Domonkos,wdomonkos9l@mit.edu,artificial intelligence
347,Olva,Sayre,osayre9m@google.ru,incremental
348,Zsazsa,Aynold,zaynold9n@php.net,Mandatory
349,Rosita,Limbourne,rlimbourne9o@comsenz.com,24 hour
350,Dimitri,Weedon,dweedon9p@usgs.gov,ability
351,Rawley,Netherwood,rnetherwood9q@github.io,multimedia
352,Jammal,Klimowicz,jklimowicz9r@bizjournals.com,monitoring
353,Natividad,Millington,nmillington9s@thetimes.co.uk,Multi-tiered
354,Debee,Helks,dhelks9t@samsung.com,Re-contextualized
355,Kristina,Gibby,kgibby9u@yahoo.co.jp,executive
356,Graham,Lethibridge,glethibridge9v@addthis.com,customer loyalty
357,Dallis,Lattka,dlattka9w@netscape.com,Phased
358,Gram,Lorie,glorie9x@ocn.ne.jp,background
359,Bari,Fratson,bfratson9y@slate.com,firmware
360,Mike,Rabbe,mrabbe9z@fc2.com,Future-proofed
361,Balduin,Swigger,bswiggera0@cnn.com,parallelism
362,Barry,Saladine,bsaladinea1@mozilla.com,artificial intelligence
363,Hailey,Rickaby,hrickabya2@ca.gov,intangible
364,Mason,Babar,mbabara3@squarespace.com,synergy
365,Sylvester,Vanes,svanesa4@surveymonkey.com,Decentralized
366,Ray,Mapham,rmaphama5@google.fr,impactful
367,Chrotoem,Jickells,cjickellsa6@bloomberg.com,Visionary
368,Fanny,Filby,ffilbya7@instagram.com,moderator
369,Lilyan,McVicker,lmcvickera8@nps.gov,firmware
370,Jaquenette,Szach,jszacha9@toplist.cz,Devolved
371,Prent,Attenbrow,pattenbrowaa@google.co.jp,uniform
372,Lucia,Gelling,lgellingab@phoca.cz,Pre-emptive
373,Cullan,Davidowich,cdavidowichac@drupal.org,asynchronous
374,Danita,Wolfart,dwolfartad@prnewswire.com,disintermediate
375,Courtney,Grosvener,cgrosvenerae@blogtalkradio.com,mobile
376,Davina,Loxton,dloxtonaf@statcounter.com,Sharable
377,Gerti,Dreus,gdreusag@dyndns.org,maximized
378,Hinze,Carwithan,hcarwithanah@mlb.com,Synergized
379,Alec,Baiyle,abaiyleai@github.com,Diverse
380,Wendeline,Syer,wsyeraj@sohu.com,infrastructure
381,Angele,Ballance,aballanceak@bloglines.com,local area network
382,Torrie,Tinson,ttinsonal@friendfeed.com,utilisation
383,Mandi,Fitchett,mfitchettam@gnu.org,composite
384,Peadar,Asaaf,pasaafan@seesaa.net,Networked
385,Yancey,Edis,yedisao@oakley.com,solution-oriented
386,Peg,Mooring,pmooringap@51.la,Switchable
387,Debora,Chill,dchillaq@theguardian.com,explicit
388,Torrence,Pendrid,tpendridar@diigo.com,interactive
389,Clareta,Livingston,clivingstonas@goodreads.com,zero defect
390,Elie,Harlock,eharlockat@sphinn.com,5th generation
391,Dawn,Dainty,ddaintyau@fotki.com,open system
392,Klarrisa,Gwatkins,kgwatkinsav@gmpg.org,interactive
393,Bea,Lutz,blutzaw@about.com,Team-oriented
394,Germaine,Ashingden,gashingdenax@cmu.edu,model
395,Lindon,Tewnion,ltewnionay@disqus.com,Phased
396,Edd,Lafford,elaffordaz@jugem.jp,Function-based
397,Jimmy,Terne,jterneb0@indiegogo.com,Switchable
398,Ingram,Fick,ifickb1@printfriendly.com,bottom-line
399,Edd,Branscombe,ebranscombeb2@webs.com,systematic
400,Ainsley,Dittson,adittsonb3@sakura.ne.jp,Extended
401,Aili,Simka,asimkab4@bluehost.com,Decentralized
402,Sherlock,Burd,sburdb5@cbsnews.com,object-oriented
403,Allyn,Prisk,apriskb6@mapquest.com,Customizable
404,Perle,Irnys,pirnysb7@altervista.org,Virtual
405,Fina,Truckett,ftruckettb8@list-manage.com,demand-driven
406,Koenraad,Iacobini,kiacobinib9@wp.com,Face to face
407,Annabella,Mitcham,amitchamba@dailymail.co.uk,solution
408,Catrina,Redborn,credbornbb@ustream.tv,transitional
409,Marcia,Doyley,mdoyleybc@ftc.gov,foreground
410,Mollee,Nockalls,mnockallsbd@lulu.com,Realigned
411,Cherilyn,Prestland,cprestlandbe@scientificamerican.com,superstructure
412,Curtis,Alsina,calsinabf@fc2.com,Digitized
413,Anna,Jozsa,ajozsabg@gov.uk,Networked
414,Tera,Blackaller,tblackallerbh@weibo.com,archive
415,Marigold,Don,mdonbi@free.fr,Vision-oriented
416,Boy,Burnsides,bburnsidesbj@wiley.com,discrete
417,Merrie,Bugdall,mbugdallbk@archive.org,Integrated
418,Austine,Stutely,astutelybl@infoseek.co.jp,alliance
419,Mitchell,Thurling,mthurlingbm@themeforest.net,Distributed
420,Debera,Winston,dwinstonbn@salon.com,Cloned
421,Blythe,Hardiker,bhardikerbo@php.net,Multi-layered
422,Thaddus,Colecrough,tcolecroughbp@oakley.com,responsive
423,Marco,Sculpher,msculpherbq@weather.com,radical
424,Brennan,Pallaske,bpallaskebr@tmall.com,matrices
425,Vernice,Bum,vbumbs@goo.gl,even-keeled
426,Lucienne,Bizzey,lbizzeybt@alexa.com,Innovative
427,Joscelin,Cary,jcarybu@imgur.com,local
428,Coleen,Isles,cislesbv@sbwire.com,exuding
429,Dew,Penhale,dpenhalebw@trellian.com,benchmark
430,Dotty,Karolczyk,dkarolczykbx@aol.com,algorithm
431,Marijn,Watkiss,mwatkissby@biglobe.ne.jp,Ameliorated
432,Toby,Basten,tbastenbz@slideshare.net,clear-thinking
433,Cobby,Morfey,cmorfeyc0@about.com,hardware
434,Mimi,Haire,mhairec1@biblegateway.com,Advanced
435,Abdul,Struys,astruysc2@ow.ly,projection
436,Kary,Winspurr,kwinspurrc3@goo.ne.jp,eco-centric
437,Tybie,Dade,tdadec4@virginia.edu,Integrated
438,Gianni,Greggor,ggreggorc5@cloudflare.com,Triple-buffered
439,Adelind,Oag,aoagc6@abc.net.au,needs-based
440,Heall,Heppenspall,hheppenspallc7@narod.ru,application
441,Salomone,Trythall,strythallc8@amazon.com,tangible
442,Rebeca,Liddard,rliddardc9@lulu.com,Upgradable
443,Linnell,Cryer,lcryerca@instagram.com,empowering
444,Dulcine,Gibben,dgibbencb@tinypic.com,monitoring
445,Cesaro,Ferreira,cferreiracc@webeden.co.uk,projection
446,Benni,Tearney,btearneycd@google.com.au,service-desk
447,Mae,Macer,mmacerce@slate.com,non-volatile
448,Kip,Eglaise,keglaisecf@digg.com,Managed
449,Christina,Goodyer,cgoodyercg@reddit.com,heuristic
450,Shawn,Ellsworthe,sellsworthech@reddit.com,Universal
451,Raynell,Diehn,rdiehnci@photobucket.com,Assimilated
452,Pembroke,Pantin,ppantincj@ycombinator.com,software
453,Kimberley,Benezet,kbenezetck@ask.com,Face to face
454,Zonda,Stokell,zstokellcl@miibeian.gov.cn,non-volatile
455,Nicoline,Arni,narnicm@joomla.org,support
456,Laverne,Lightwing,llightwingcn@usatoday.com,Function-based
457,Johnna,Huxster,jhuxsterco@cisco.com,Face to face
458,Tricia,O'Scannill,toscannillcp@skyrock.com,Graphic Interface
459,Frank,Haspineall,fhaspineallcq@scientificamerican.com,foreground
460,Tam,Duerden,tduerdencr@live.com,product
461,Darrell,Nealand,dnealandcs@latimes.com,Centralized
462,Michelle,Stonall,mstonallct@storify.com,Reverse-engineered
463,Sven,Grayland,sgraylandcu@telegraph.co.uk,standardization
464,Hyacinth,Spurgeon,hspurgeoncv@google.nl,matrices
465,Aggy,Tricker,atrickercw@netvibes.com,Polarised
466,Gris,Edmenson,gedmensoncx@vkontakte.ru,executive
467,Gerick,Moulsdall,gmoulsdallcy@simplemachines.org,Ergonomic
468,Dilly,Churchouse,dchurchousecz@uiuc.edu,system-worthy
469,Hanna,Hannant,hhannantd0@twitpic.com,Compatible
470,Maryjane,Tommei,mtommeid1@ftc.gov,cohesive
471,Angie,Girardy,agirardyd2@jugem.jp,even-keeled
472,Tate,Flute,tfluted3@dyndns.org,emulation
473,Georgianne,Crier,gcrierd4@umich.edu,success
474,Juline,Skule,jskuled5@soundcloud.com,mobile
475,Asia,Lias,aliasd6@prnewswire.com,alliance
476,Llewellyn,Loding,llodingd7@paginegialle.it,adapter
477,Itch,Ennor,iennord8@dagondesign.com,value-added
478,Jena,Grastye,jgrastyed9@psu.edu,productivity
479,Timmy,Garbert,tgarbertda@weebly.com,instruction set
480,Christin,Keilloh,ckeillohdb@bing.com,moderator
481,Horatia,Hele,hheledc@ted.com,leading edge
482,Madel,Skilbeck,mskilbeckdd@bluehost.com,Versatile
483,Curran,Nason,cnasonde@forbes.com,fault-tolerant
484,Haley,Burgon,hburgondf@wsj.com,neural-net
485,Lexy,Skipping,lskippingdg@netlog.com,Robust
486,Erminia,McCosh,emccoshdh@google.ru,model
487,Teador,Callis,tcallisdi@ebay.co.uk,standardization
488,Ruthy,Frankiss,rfrankissdj@mtv.com,holistic
489,Dalis,Daintrey,ddaintreydk@buzzfeed.com,well-modulated
490,Hayes,Rue,hruedl@earthlink.net,Advanced
491,Barbaraanne,Hubbocks,bhubbocksdm@aol.com,application
492,Lucine,Gaiger,lgaigerdn@scribd.com,motivating
493,Dallis,Lutas,dlutasdo@free.fr,monitoring
494,Joshuah,McCutheon,jmccutheondp@sourceforge.net,mission-critical
495,Ferne,Finlan,ffinlandq@cam.ac.uk,analyzing
496,Codee,Eisenberg,ceisenbergdr@nyu.edu,bifurcated
497,Oswald,Gyorffy,ogyorffyds@bizjournals.com,motivating
498,Marice,Harwin,mharwindt@yahoo.co.jp,software
499,Cyrille,Muncie,cmunciedu@phpbb.com,analyzer
500,Krysta,Schollick,kschollickdv@aboutads.info,leverage
501,Pennie,Galbraeth,pgalbraethdw@zimbio.com,standardization
502,Alvy,McCaig,amccaigdx@altervista.org,Quality-focused
503,Sibilla,Haighton,shaightondy@wordpress.com,structure
504,Carma,Blaschek,cblaschekdz@wired.com,Streamlined
505,Corabella,Raraty,craratye0@mediafire.com,systematic
506,Mary,McGennis,mmcgennise1@sogou.com,Team-oriented
507,Roderich,Arnault,rarnaulte2@wikia.com,strategy
508,Jacinthe,Eardley,jeardleye3@opera.com,encoding
509,Lynelle,Whetson,lwhetsone4@nsw.gov.au,Future-proofed
510,Elisha,Maffezzoli,emaffezzolie5@unblog.fr,moratorium
511,Clo,Wickson,cwicksone6@whitehouse.gov,exuding
512,Sibbie,O'Brian,sobriane7@ycombinator.com,adapter
513,Jocelyn,Maypowder,jmaypowdere8@a8.net,multi-state
514,Nerti,Leipelt,nleipelte9@hud.gov,Mandatory
515,Silvana,Sawyer,ssawyerea@hc360.com,Multi-channelled
516,Mordy,Redmire,mredmireeb@yellowbook.com,Persevering
517,Mead,Casassa,mcasassaec@dmoz.org,initiative
518,Marcella,Darlington,mdarlingtoned@mediafire.com,multi-tasking
519,Inez,Stelli,istelliee@webeden.co.uk,open system
520,Barrie,Brimilcombe,bbrimilcombeef@sfgate.com,Mandatory
521,Samaria,Lifsey,slifseyeg@google.com.au,synergy
522,Elysee,Smartman,esmartmaneh@facebook.com,content-based
523,Veradis,Castangia,vcastangiaei@vistaprint.com,Optional
524,Nixie,Carillo,ncarilloej@wufoo.com,Organized
525,Egbert,Hoyer,ehoyerek@hp.com,context-sensitive
526,Tito,Alejo,talejoel@google.co.uk,Programmable
527,Berthe,Gricks,bgricksem@nydailynews.com,web-enabled
528,Terrell,Lydiate,tlydiateen@buzzfeed.com,regional
529,Alberto,Errichiello,aerrichielloeo@google.com.au,Reduced
530,Benedikt,Barnbrook,bbarnbrookep@ucla.edu,Grass-roots
531,Jillie,Wandtke,jwandtkeeq@patch.com,exuding
532,Sandra,Chessum,schessumer@vistaprint.com,multi-tasking
533,Windy,Bolzen,wbolzenes@ibm.com,optimal
534,Guillermo,Lincke,glinckeet@yelp.com,Multi-layered
535,Henryetta,De'Vere - Hunt,hdeverehunteu@chicagotribune.com,methodology
536,Kelcie,Durnell,kdurnellev@google.co.uk,conglomeration
537,Loralee,Allen,lallenew@amazonaws.com,approach
538,Aeriela,Hannaby,ahannabyex@goo.ne.jp,demand-driven
539,Myrlene,Mulcock,mmulcockey@cafepress.com,incremental
540,Kerry,Snape,ksnapeez@goo.gl,pricing structure
541,Manda,Glendenning,mglendenningf0@skype.com,product
542,Debera,Chatterton,dchattertonf1@1688.com,Advanced
543,Domeniga,Peyntue,dpeyntuef2@slate.com,bifurcated
544,Tove,Pendrill,tpendrillf3@mozilla.org,analyzer
545,Gunar,Jozsef,gjozseff4@myspace.com,Optional
546,Sydelle,Aughton,saughtonf5@multiply.com,Extended
547,Iosep,Dumbarton,idumbartonf6@cnet.com,content-based
548,Sholom,Cona,sconaf7@oakley.com,Multi-channelled
549,Alwin,Lowndsborough,alowndsboroughf8@google.com.au,well-modulated
550,Maegan,Collens,mcollensf9@ow.ly,circuit
551,Sandy,McCourtie,smccourtiefa@netlog.com,matrices
552,Neils,Piscot,npiscotfb@smugmug.com,function
553,Chlo,Bilbee,cbilbeefc@rediff.com,Diverse
554,Brandy,Matthesius,bmatthesiusfd@geocities.com,workforce
555,Chloris,Iannetti,ciannettife@noaa.gov,scalable
556,Vaughn,Licas,vlicasff@lycos.com,executive
557,Norrie,Gebbie,ngebbiefg@google.com.hk,Cloned
558,Braden,Allen,ballenfh@craigslist.org,concept
559,Arlana,Kann,akannfi@tumblr.com,architecture
560,Fonsie,Songer,fsongerfj@gmpg.org,methodology
561,Sarina,Coneley,sconeleyfk@studiopress.com,Customizable
562,Ignatius,Zecchetti,izecchettifl@narod.ru,Organized
563,Hilarius,Lantuffe,hlantuffefm@cdbaby.com,challenge
564,Jerrold,Nicely,jnicelyfn@ucoz.com,Organic
565,Andree,Londesborough,alondesboroughfo@bigcartel.com,Ameliorated
566,Aubree,Wooder,awooderfp@engadget.com,Face to face
567,Ralph,Crossfeld,rcrossfeldfq@networkadvertising.org,Advanced
568,Diena,Selvester,dselvesterfr@cpanel.net,Right-sized
569,Debbie,Crimin,dcriminfs@goodreads.com,access
570,Des,O'Lyhane,dolyhaneft@ucsd.edu,Polarised
571,Wiatt,Headly,wheadlyfu@themeforest.net,Adaptive
572,Shalne,Fidell,sfidellfv@columbia.edu,paradigm
573,Giselle,Harvison,gharvisonfw@mac.com,solution-oriented
574,Gene,Baddeley,gbaddeleyfx@bigcartel.com,installation
575,Dael,Curman,dcurmanfy@networksolutions.com,multimedia
576,Sidnee,Sondland,ssondlandfz@github.com,Enterprise-wide
577,Enrico,Jurries,ejurriesg0@google.fr,solution
578,Rand,Ainsby,rainsbyg1@deviantart.com,leverage
579,Eberto,Eede,eeedeg2@tinyurl.com,actuating
580,Roselia,Bedow,rbedowg3@alexa.com,asymmetric
581,Dallis,Midson,dmidsong4@google.com.au,process improvement
582,Antonio,Bartle,abartleg5@last.fm,Devolved
583,Nollie,Sola,nsolag6@yahoo.com,Grass-roots
584,Dodi,Few,dfewg7@skype.com,success
585,Bevan,Artist,bartistg8@so-net.ne.jp,methodology
586,Scottie,Pleasaunce,spleasaunceg9@businessweek.com,bi-directional
587,Ailene,Dart,adartga@kickstarter.com,paradigm
588,Berry,Pere,bperegb@themeforest.net,Business-focused
589,Arly,Lamplough,alamploughgc@businesswire.com,flexibility
590,Willie,Chadney,wchadneygd@naver.com,Ergonomic
591,Reyna,McCobb,rmccobbge@wikipedia.org,definition
592,Teddie,Croft,tcroftgf@whitehouse.gov,knowledge base
593,Jermayne,Mabbs,jmabbsgg@msu.edu,info-mediaries
594,Darrin,Vaggers,dvaggersgh@phoca.cz,global
595,Bobine,Demangeon,bdemangeongi@phpbb.com,Balanced
596,Glenden,Brierton,gbriertongj@miibeian.gov.cn,neural-net
597,Shanon,Walbridge,swalbridgegk@kickstarter.com,zero tolerance
598,Rodd,Priestland,rpriestlandgl@simplemachines.org,hierarchy
599,Arlana,Fedorchenko,afedorchenkogm@tmall.com,Vision-oriented
600,Binnie,Clackers,bclackersgn@taobao.com,Quality-focused
601,Daloris,Keirle,dkeirlego@scribd.com,empowering
602,Barret,Geraldo,bgeraldogp@last.fm,Upgradable
603,Angie,Keddie,akeddiegq@unesco.org,User-centric
604,Desmond,McGonnell,dmcgonnellgr@parallels.com,explicit
605,Reinaldo,Boughton,rboughtongs@usda.gov,bandwidth-monitored
606,Joeann,Giacomozzo,jgiacomozzogt@usda.gov,software
607,Cindelyn,Gameson,cgamesongu@biglobe.ne.jp,Up-sized
608,Queenie,Skerman,qskermangv@bizjournals.com,adapter
609,Brewer,Hazeley,bhazeleygw@bloglines.com,emulation
610,Otha,Grzelczak,ogrzelczakgx@arstechnica.com,reciprocal
611,Peyter,Camus,pcamusgy@e-recht24.de,local
612,Allina,Borgesio,aborgesiogz@archive.org,Centralized
613,Greg,Critoph,gcritophh0@loc.gov,Fully-configurable
614,Kellen,Orwell,korwellh1@scribd.com,Multi-channelled
615,Margareta,Treble,mtrebleh2@sakura.ne.jp,asynchronous
616,Gertrude,Gutsell,ggutsellh3@123-reg.co.uk,synergy
617,Layne,Edgeler,ledgelerh4@newsvine.com,toolset
618,Malory,Ledward,mledwardh5@google.ru,contingency
619,Jami,Faltskog,jfaltskogh6@slate.com,Proactive
620,Adella,Sturr,asturrh7@amazon.de,neural-net
621,Pavia,Larmouth,plarmouthh8@tmall.com,Phased
622,Zitella,Couling,zcoulingh9@hao123.com,parallelism
623,Elle,McGarahan,emcgarahanha@fc2.com,solution
624,Ethelyn,Landre,elandrehb@nasa.gov,Polarised
625,Jessy,Pottage,jpottagehc@accuweather.com,Down-sized
626,Nanine,Crichton,ncrichtonhd@mit.edu,array
627,Orazio,Mackelworth,omackelworthhe@ucoz.com,Realigned
628,Bria,Fonteyne,bfonteynehf@mapy.cz,empowering
629,Kyle,Skirvin,kskirvinhg@woothemes.com,empowering
630,Thom,Caplis,tcaplishh@spiegel.de,Monitored
631,Michel,Gilchriest,mgilchriesthi@163.com,array
632,Afton,Spours,aspourshj@google.de,knowledge user
633,Hazlett,Kinsley,hkinsleyhk@360.cn,encompassing
634,Gillie,Hanes,ghaneshl@goo.gl,Switchable
635,Hiram,Herion,hherionhm@yolasite.com,object-oriented
636,Maud,Schulken,mschulkenhn@wired.com,national
637,Roxine,Dawidowicz,rdawidowiczho@ocn.ne.jp,moderator
638,Joelynn,Baulcombe,jbaulcombehp@elpais.com,composite
639,Benedict,Ace,bacehq@unblog.fr,grid-enabled
640,Kali,Fowler,kfowlerhr@imdb.com,well-modulated
641,Mamie,Gyse,mgysehs@addtoany.com,multimedia
642,Clevie,Petrina,cpetrinaht@globo.com,intermediate
643,Rasla,Bransdon,rbransdonhu@dropbox.com,archive
644,Darn,Elecum,delecumhv@moonfruit.com,Adaptive
645,Sybila,Coils,scoilshw@toplist.cz,system engine
646,Harv,Ledson,hledsonhx@webmd.com,Function-based
647,Tabbi,Greves,tgreveshy@admin.ch,Enhanced
648,Karoly,Creer,kcreerhz@1688.com,motivating
649,Pavia,Threadkell,pthreadkelli0@hugedomains.com,De-engineered
650,Fonzie,Darko,fdarkoi1@webmd.com,Enterprise-wide
651,Alexandre,Dessant,adessanti2@craigslist.org,well-modulated
652,Sayers,Koschek,skoscheki3@vinaora.com,next generation
653,Stefa,Sodor,ssodori4@issuu.com,Multi-lateral
654,Pincus,Newcomen,pnewcomeni5@msn.com,flexibility
655,Keith,Martyntsev,kmartyntsevi6@ifeng.com,adapter
656,Selene,Learoid,slearoidi7@360.cn,optimizing
657,Constanta,Pfertner,cpfertneri8@desdev.cn,context-sensitive
658,Allan,Plastow,aplastowi9@cyberchimps.com,directional
659,Antonino,Stutard,astutardia@people.com.cn,implementation
660,Jesselyn,Broggelli,jbroggelliib@aboutads.info,Re-engineered
661,Binny,Martinon,bmartinonic@dagondesign.com,secured line
662,Carroll,Kimblin,ckimblinid@yahoo.co.jp,success
663,Hamil,Krienke,hkrienkeie@wordpress.com,website
664,Edithe,Silkstone,esilkstoneif@theatlantic.com,throughput
665,Cherie,Clymer,cclymerig@spotify.com,Operative
666,Berry,Godsell,bgodsellih@boston.com,value-added
667,Lewie,Suggate,lsuggateii@people.com.cn,6th generation
668,Timotheus,Bretton,tbrettonij@reverbnation.com,monitoring
669,Dene,Minshall,dminshallik@fastcompany.com,moratorium
670,Kerby,Elcoat,kelcoatil@google.co.jp,Networked
671,Rosanne,Gowrie,rgowrieim@meetup.com,Exclusive
672,Constancy,Brownsworth,cbrownsworthin@craigslist.org,attitude-oriented
673,Lorette,Wincer,lwincerio@unblog.fr,full-range
674,Tobiah,Head,theadip@cnet.com,Networked
675,Stillmann,Thrustle,sthrustleiq@networkadvertising.org,attitude-oriented
676,Darnell,Naper,dnaperir@java.com,incremental
677,Farand,Sherewood,fsherewoodis@sourceforge.net,Synergistic
678,Nickolaus,Cato,ncatoit@google.com,policy
679,Jerad,Yeates,jyeatesiu@example.com,customer loyalty
680,Ray,Licciardo,rlicciardoiv@census.gov,high-level
681,Addison,Walker,awalkeriw@reuters.com,Pre-emptive
682,Edita,Durgan,edurganix@blogs.com,Right-sized
683,Kile,Kirkpatrick,kkirkpatrickiy@devhub.com,leading edge
684,Dix,Southerill,dsoutherilliz@dailymotion.com,Advanced
685,Cherrita,Godsafe,cgodsafej0@lycos.com,access
686,Alejoa,Stappard,astappardj1@lulu.com,moderator
687,Benedetta,Orrey,borreyj2@nps.gov,zero tolerance
688,Melany,Gwyneth,mgwynethj3@furl.net,homogeneous
689,Francklyn,Garrie,fgarriej4@ucoz.com,impactful
690,Early,Lissett,elissettj5@dedecms.com,neutral
691,Janeen,Shapland,jshaplandj6@ucoz.com,Balanced
692,Lewiss,Knok,lknokj7@parallels.com,Sharable
693,Noelle,Samuels,nsamuelsj8@usatoday.com,clear-thinking
694,Taffy,Nixon,tnixonj9@loc.gov,contingency
695,Flem,Challener,fchallenerja@csmonitor.com,didactic
696,Darsie,Jeffery,djefferyjb@163.com,projection
697,Zaccaria,Toppas,ztoppasjc@wordpress.org,uniform
698,Colline,Long,clongjd@newsvine.com,systematic
699,Ashely,Peepall,apeepallje@trellian.com,5th generation
700,Anabella,Southby,asouthbyjf@fema.gov,forecast
701,Emmalynne,Madgett,emadgettjg@google.co.uk,collaboration
702,Carol-jean,Blackall,cblackalljh@pinterest.com,database
703,Hailey,Cregeen,hcregeenji@ovh.net,circuit
704,Tirrell,Chaffe,tchaffejj@etsy.com,Proactive
705,Antons,Renihan,arenihanjk@bbb.org,Public-key
706,Tedra,Catton,tcattonjl@hibu.com,Customer-focused
707,Darius,Summerill,dsummerilljm@nymag.com,capability
708,Naomi,Schultz,nschultzjn@dmoz.org,Robust
709,Madel,Di Biasi,mdibiasijo@flavors.me,encoding
710,Simeon,Juden,sjudenjp@prlog.org,Seamless
711,Cale,Oxer,coxerjq@webnode.com,multi-tasking
712,Haley,Vian,hvianjr@mayoclinic.com,core
713,Brittni,Hewell,bhewelljs@google.cn,Open-source
714,Yvette,Gildea,ygildeajt@cisco.com,24 hour
715,Reinold,MacHoste,rmachosteju@webeden.co.uk,conglomeration
716,Dino,Stoakes,dstoakesjv@japanpost.jp,Polarised
717,Angele,Schapero,aschaperojw@gov.uk,architecture
718,Engelbert,Message,emessagejx@phoca.cz,access
719,Hardy,Bellwood,hbellwoodjy@geocities.com,Front-line
720,Niki,Siccombe,nsiccombejz@studiopress.com,focus group
721,Ellerey,Frankema,efrankemak0@nytimes.com,time-frame
722,Micheline,Christopherson,mchristophersonk1@un.org,Open-source
723,Florenza,Lethbury,flethburyk2@oracle.com,Function-based
724,Yurik,Phizackerly,yphizackerlyk3@ebay.com,groupware
725,Chad,Carne,ccarnek4@telegraph.co.uk,Networked
726,Haslett,Quan,hquank5@latimes.com,Stand-alone
727,Renae,Narey,rnareyk6@histats.com,next generation
728,Sloane,Brumhead,sbrumheadk7@moonfruit.com,product
729,Dolorita,Sweetman,dsweetmank8@state.gov,benchmark
730,Sheri,Brumfield,sbrumfieldk9@paypal.com,maximized
731,Orelie,Keneforde,okenefordeka@yellowpages.com,Networked
732,Anjanette,Sprigin,aspriginkb@diigo.com,User-centric
733,Hersch,MacTrustam,hmactrustamkc@ihg.com,Integrated
734,Cherilynn,Hadye,chadyekd@webs.com,complexity
735,Celeste,Gawn,cgawnke@free.fr,clear-thinking
736,Welch,Geleman,wgelemankf@usa.gov,zero tolerance
737,Annmarie,Bruinemann,abruinemannkg@goo.ne.jp,knowledge user
738,Phillipe,Velasquez,pvelasquezkh@cisco.com,Devolved
739,Caro,Feria,cferiaki@delicious.com,throughput
740,Livvie,Prothero,lprotherokj@unblog.fr,logistical
741,Jenna,Duffy,jduffykk@cdc.gov,bottom-line
742,Amelina,Lampert,alampertkl@dot.gov,Profit-focused
743,Umeko,Lindberg,ulindbergkm@de.vu,Cross-platform
744,Adda,Leachman,aleachmankn@e-recht24.de,asynchronous
745,Siobhan,Maseres,smaseresko@dell.com,core
746,Ad,Echallier,aechallierkp@ameblo.jp,asymmetric
747,Kelley,Harrald,kharraldkq@imageshack.us,Graphical User Interface
748,Samaria,Castellini,scastellinikr@addthis.com,Reactive
749,Sara-ann,Stidson,sstidsonks@stanford.edu,asynchronous
750,Blaire,Micheli,bmichelikt@who.int,grid-enabled
751,Jermaine,Nunn,jnunnku@walmart.com,optimal
752,Charmian,Degue,cdeguekv@time.com,focus group
753,Otha,Crone,ocronekw@stumbleupon.com,Reactive
754,Stu,Casse,scassekx@alexa.com,local
755,Giffie,Farrell,gfarrellky@springer.com,background
756,Roslyn,Ayris,rayriskz@t-online.de,knowledge base
757,Wald,Menier,wmenierl0@amazon.com,real-time
758,Cleopatra,Gerrelt,cgerreltl1@flickr.com,extranet
759,Win,Luddy,wluddyl2@webnode.com,zero tolerance
760,Rasia,Tesauro,rtesaurol3@discovery.com,hierarchy
761,Jacquenetta,Spurman,jspurmanl4@wisc.edu,dedicated
762,Geri,Hargess,ghargessl5@digg.com,structure
763,Angie,Davidove,adavidovel6@g.co,matrices
764,Barny,Whitfield,bwhitfieldl7@etsy.com,open architecture
765,Antonetta,Mapson,amapsonl8@boston.com,Extended
766,Nancee,Walisiak,nwalisiakl9@gov.uk,Realigned
767,Darcy,Guiot,dguiotla@hatena.ne.jp,Assimilated
768,Daryn,Simcock,dsimcocklb@livejournal.com,real-time
769,Kent,Zeal,kzeallc@weibo.com,firmware
770,Tabbie,L'Hommee,tlhommeeld@deviantart.com,Multi-layered
771,Reilly,Marritt,rmarrittle@purevolume.com,modular
772,Sergent,Crowdy,scrowdylf@icq.com,interface
773,Tynan,Hedaux,thedauxlg@geocities.jp,Inverse
774,Lila,Badder,lbadderlh@odnoklassniki.ru,zero defect
775,Zacherie,Vigus,zvigusli@eepurl.com,zero administration
776,Shay,Francioli,sfranciolilj@stumbleupon.com,structure
777,Evvy,Blasdale,eblasdalelk@meetup.com,De-engineered
778,Hilary,Jurca,hjurcall@nyu.edu,incremental
779,Isaak,Bosenworth,ibosenworthlm@who.int,superstructure
780,Brana,Killby,bkillbyln@bravesites.com,Extended
781,Yvonne,Ryce,yrycelo@histats.com,Cloned
782,Talia,Elt,teltlp@lycos.com,moderator
783,Edvard,Garwill,egarwilllq@flickr.com,upward-trending
784,Aurie,Akeherst,aakeherstlr@about.me,internet solution
785,Clare,Beavan,cbeavanls@imgur.com,installation
786,Chauncey,Sprasen,csprasenlt@t-online.de,Open-source
787,Jerrine,Jurzyk,jjurzyklu@howstuffworks.com,User-centric
788,Filip,Ackers,fackerslv@va.gov,migration
789,Risa,Janman,rjanmanlw@patch.com,full-range
790,Jillene,Byford,jbyfordlx@reverbnation.com,Exclusive
791,Lothaire,Salkeld,lsalkeldly@google.com,methodology
792,Isidoro,Nussgen,inussgenlz@ask.com,Object-based
793,Etan,Scahill,escahillm0@angelfire.com,tertiary
794,Bev,MacCague,bmaccaguem1@hhs.gov,Networked
795,Kile,Gianetti,kgianettim2@netlog.com,even-keeled
796,Yul,Crew,ycrewm3@guardian.co.uk,service-desk
797,Denyse,Haines,dhainesm4@liveinternet.ru,Right-sized
798,Nance,Privost,nprivostm5@feedburner.com,Balanced
799,Lyell,Keysall,lkeysallm6@sitemeter.com,function
800,Olimpia,Colebeck,ocolebeckm7@nasa.gov,standardization
801,Drake,Gerkens,dgerkensm8@ezinearticles.com,Up-sized
802,Garnet,Cullingworth,gcullingworthm9@dyndns.org,incremental
803,Sada,Kleine,skleinema@ustream.tv,Innovative
804,Gennifer,Earey,geareymb@admin.ch,maximized
805,Hercules,Lars,hlarsmc@abc.net.au,protocol
806,Edyth,Couvert,ecouvertmd@mapquest.com,user-facing
807,Crin,Batistelli,cbatistellime@oakley.com,4th generation
808,Layla,Matas,lmatasmf@geocities.jp,hierarchy
809,Starla,Van den Broek,svandenbroekmg@pcworld.com,software
810,Jordana,Hagergham,jhagerghammh@sohu.com,6th generation
811,Rivy,McKeefry,rmckeefrymi@twitter.com,workforce
812,Estell,Helwig,ehelwigmj@hibu.com,Diverse
813,Valida,Mixture,vmixturemk@ezinearticles.com,Total
814,Jesselyn,Gethin,jgethinml@naver.com,Grass-roots
815,Teodoor,Sherrin,tsherrinmm@nyu.edu,Multi-layered
816,Jerrilyn,Bugg,jbuggmn@narod.ru,encompassing
817,Katharina,Kingscote,kkingscotemo@moonfruit.com,impactful
818,Hailey,MacKettrick,hmackettrickmp@adobe.com,interactive
819,Barnie,Farlham,bfarlhammq@umich.edu,User-centric
820,Grissel,Eglington,geglingtonmr@baidu.com,3rd generation
821,Torr,Duns,tdunsms@myspace.com,scalable
822,Basile,Ottley,bottleymt@wisc.edu,Customizable
823,Erminia,Old,eoldmu@scientificamerican.com,instruction set
824,Trevor,Woodson,twoodsonmv@yelp.com,Persevering
825,Veda,Seabrook,vseabrookmw@addthis.com,benchmark
826,Shell,McLucky,smcluckymx@mashable.com,system-worthy
827,Christin,Scoggin,cscogginmy@hc360.com,system-worthy
828,Nata,Vickers,nvickersmz@booking.com,extranet
829,Cathi,Byron,cbyronn0@psu.edu,discrete
830,Babita,Singers,bsingersn1@github.com,parallelism
831,Stefan,Kalf,skalfn2@github.io,synergy
832,Cristiano,Simpson,csimpsonn3@dyndns.org,standardization
833,Kippy,Foggarty,kfoggartyn4@auda.org.au,systemic
834,Herbert,Farrell,hfarrelln5@bluehost.com,Monitored
835,Lotty,Bowdidge,lbowdidgen6@ed.gov,info-mediaries
836,Bianka,Barrack,bbarrackn7@meetup.com,coherent
837,Dena,Hitzschke,dhitzschken8@free.fr,portal
838,Tiphani,Jeffrey,tjeffreyn9@answers.com,Vision-oriented
839,Josey,Esherwood,jesherwoodna@simplemachines.org,Persevering
840,Jonathan,Desquesnes,jdesquesnesnb@cornell.edu,methodical
841,Farlie,Boughton,fboughtonnc@google.ru,challenge
842,Hedi,Elstone,helstonend@com.com,systematic
843,Alasteir,Haith,ahaithne@whitehouse.gov,Cross-group
844,Sibelle,Swinerd,sswinerdnf@youtu.be,holistic
845,Markos,Duckerin,mduckerinng@xrea.com,website
846,Brear,Cody,bcodynh@adobe.com,multi-state
847,Cassy,Shapland,cshaplandni@state.tx.us,Open-source
848,Chrysler,Iorizzi,ciorizzinj@sciencedirect.com,capability
849,Base,Maxwale,bmaxwalenk@paypal.com,encompassing
850,Whitney,Mooring,wmooringnl@npr.org,Future-proofed
851,Fara,Pillman,fpillmannm@dailymotion.com,concept
852,Hollie,Balasini,hbalasininn@typepad.com,moratorium
853,Ainslee,Kliemke,akliemkeno@vk.com,explicit
854,Derby,Howel,dhowelnp@privacy.gov.au,dedicated
855,Pace,Jzak,pjzaknq@storify.com,uniform
856,Rosalinda,Humpherson,rhumphersonnr@virginia.edu,adapter
857,Gipsy,McGavin,gmcgavinns@tiny.cc,Balanced
858,Victor,De Mitri,vdemitrint@imdb.com,Focused
859,Hattie,Carlino,hcarlinonu@typepad.com,high-level
860,Findlay,Vanyakin,fvanyakinnv@youtu.be,demand-driven
861,Dunc,Britian,dbritiannw@miibeian.gov.cn,Balanced
862,Carolina,Hulmes,chulmesnx@china.com.cn,Sharable
863,Ronna,Meale,rmealeny@marriott.com,eco-centric
864,Dasi,Meadowcroft,dmeadowcroftnz@csmonitor.com,Open-architected
865,Edie,Heild,eheildo0@hhs.gov,initiative
866,Hort,Squibbs,hsquibbso1@simplemachines.org,User-centric
867,Loralee,Esler,leslero2@howstuffworks.com,hub
868,Orly,Natte,onatteo3@etsy.com,systemic
869,Maggee,Joseff,mjoseffo4@constantcontact.com,Versatile
870,Bendicty,Peinke,bpeinkeo5@netlog.com,user-facing
871,Hebert,Coulston,hcoulstono6@1und1.de,workforce
872,Clara,Danilewicz,cdanilewiczo7@freewebs.com,Seamless
873,Way,Sherbrook,wsherbrooko8@nyu.edu,capability
874,Siffre,Cloney,scloneyo9@elpais.com,help-desk
875,Wendy,Sammut,wsammutoa@tiny.cc,Grass-roots
876,Valli,Rainton,vraintonob@imageshack.us,projection
877,Clarisse,Josephsen,cjosephsenoc@elegantthemes.com,data-warehouse
878,Alexi,Collete,acolleteod@usgs.gov,local area network
879,Aidan,Shotboult,ashotboultoe@yandex.ru,task-force
880,Rutger,Fruchon,rfruchonof@latimes.com,matrix
881,Toddie,Chartre,tchartreog@qq.com,budgetary management
882,Ebonee,Pattington,epattingtonoh@usnews.com,complexity
883,Kitti,McAughtry,kmcaughtryoi@chronoengine.com,directional
884,Byrann,Wantling,bwantlingoj@google.com.hk,Cross-platform
885,Aili,Shaw,ashawok@mashable.com,homogeneous
886,Melesa,Soan,msoanol@webs.com,foreground
887,Casar,Laver,claverom@hud.gov,Function-based
888,Garrott,Doy,gdoyon@gizmodo.com,groupware
889,Nerita,Goricke,ngorickeoo@abc.net.au,discrete
890,Genna,Tooker,gtookerop@w3.org,standardization
891,Mersey,Andree,mandreeoq@techcrunch.com,benchmark
892,Carlyle,Kochel,ckochelor@gov.uk,5th generation
893,Meredeth,Rackley,mrackleyos@thetimes.co.uk,transitional
894,Wolfgang,People,wpeopleot@mtv.com,non-volatile
895,Alexandros,Lavall,alavallou@rediff.com,Fully-configurable
896,Jared,Looker,jlookerov@slate.com,Stand-alone
897,Drud,Steanson,dsteansonow@fotki.com,Fundamental
898,Sherlocke,Cavan,scavanox@webs.com,radical
899,Jude,Elias,jeliasoy@berkeley.edu,disintermediate
900,Andy,Thunnerclef,athunnerclefoz@aol.com,standardization
901,Monika,Fairs,mfairsp0@yale.edu,tangible
902,Reena,Hackford,rhackfordp1@cbsnews.com,Quality-focused
903,August,Forrestall,aforrestallp2@hhs.gov,Universal
904,Reina,McKall,rmckallp3@google.nl,didactic
905,Nady,O'Farris,nofarrisp4@technorati.com,zero administration
906,Dale,Smallpiece,dsmallpiecep5@clickbank.net,service-desk
907,Upton,Smallpiece,usmallpiecep6@odnoklassniki.ru,homogeneous
908,Casper,Maxted,cmaxtedp7@deviantart.com,upward-trending
909,Emelita,Reinmar,ereinmarp8@hostgator.com,Proactive
910,Shurlock,Craft,scraftp9@soundcloud.com,optimizing
911,Amalie,Seaborn,aseabornpa@wufoo.com,methodical
912,Bridie,Josskowitz,bjosskowitzpb@spotify.com,Reduced
913,Janette,Grandin,jgrandinpc@psu.edu,holistic
914,Ciel,Braisher,cbraisherpd@uol.com.br,productivity
915,Vincents,MacCourt,vmaccourtpe@sogou.com,bi-directional
916,Felizio,MacGiany,fmacgianypf@booking.com,budgetary management
917,Heath,Dodson,hdodsonpg@people.com.cn,protocol
918,Bartel,Prestedge,bprestedgeph@apple.com,human-resource
919,Cornie,Fuzzard,cfuzzardpi@theglobeandmail.com,task-force
920,Hall,McGuiness,hmcguinesspj@foxnews.com,Open-architected
921,Ashley,Sabberton,asabbertonpk@jiathis.com,client-driven
922,Anet,Andrea,aandreapl@flavors.me,human-resource
923,Nancee,Rumbold,nrumboldpm@nbcnews.com,intangible
924,Reed,Frays,rfrayspn@cafepress.com,needs-based
925,Graham,Ingerfield,gingerfieldpo@jalbum.net,Fully-configurable
926,Eleonore,Fathers,efatherspp@wiley.com,Organized
927,Myles,Parkey,mparkeypq@hatena.ne.jp,migration
928,Sybille,Insworth,sinsworthpr@newyorker.com,national
929,Noell,Renyard,nrenyardps@clickbank.net,projection
930,Kizzee,Cream,kcreampt@businessinsider.com,frame
931,Anson,McCurley,amccurleypu@mtv.com,Universal
932,Anjela,Wager,awagerpv@army.mil,foreground
933,Gustaf,Crimpe,gcrimpepw@nymag.com,budgetary management
934,Estelle,Shew,eshewpx@cisco.com,Enterprise-wide
935,Orelee,Stiff,ostiffpy@usa.gov,Right-sized
936,Dot,Blomfield,dblomfieldpz@nationalgeographic.com,frame
937,Rosaline,Tschursch,rtschurschq0@statcounter.com,Expanded
938,Raynor,Argrave,rargraveq1@squidoo.com,data-warehouse
939,Layton,Lent,llentq2@mediafire.com,empowering
940,Linzy,Climer,lclimerq3@usda.gov,Fundamental
941,Judith,Scryne,jscryneq4@nih.gov,Virtual
942,Lamar,Roseburgh,lroseburghq5@techcrunch.com,Progressive
943,Elinor,Feldbaum,efeldbaumq6@youtube.com,Re-engineered
944,Saundra,Janda,sjandaq7@i2i.jp,bi-directional
945,Shawn,Scotford,sscotfordq8@wunderground.com,Automated
946,Siusan,Goseling,sgoselingq9@usatoday.com,De-engineered
947,Osbert,Mughal,omughalqa@csmonitor.com,Quality-focused
948,Rozamond,Jillins,rjillinsqb@cam.ac.uk,discrete
949,Filip,Sutterby,fsutterbyqc@google.cn,Implemented
950,Alyson,Hudson,ahudsonqd@utexas.edu,Networked
951,Susann,Krout,skroutqe@google.co.jp,access
952,Judith,Presdie,jpresdieqf@fotki.com,extranet
953,Bordie,Hovenden,bhovendenqg@blinklist.com,De-engineered
954,Hank,Whalebelly,hwhalebellyqh@elpais.com,Seamless
955,Dorolisa,McKevin,dmckevinqi@instagram.com,Face to face
956,Ingrim,Cassels,icasselsqj@cbc.ca,internet solution
957,Lucas,Applewhaite,lapplewhaiteqk@springer.com,Up-sized
958,Addie,Gooddie,agooddieql@merriam-webster.com,Automated
959,Therine,Syvret,tsyvretqm@bigcartel.com,Diverse
960,Chaim,Tellett,ctellettqn@pcworld.com,Distributed
961,Christalle,Poynzer,cpoynzerqo@lulu.com,capacity
962,Kaia,Tomlins,ktomlinsqp@ebay.co.uk,website
963,Reinaldo,Dumberell,rdumberellqq@chron.com,neutral
964,Shaughn,Mantripp,smantrippqr@theguardian.com,Fundamental
965,Giraldo,Allport,gallportqs@hostgator.com,encoding
966,Siward,Vanini,svaniniqt@samsung.com,leading edge
967,Josy,Rossoni,jrossoniqu@nationalgeographic.com,static
968,Coretta,Cobbin,ccobbinqv@nih.gov,impactful
969,Johann,Chichgar,jchichgarqw@wisc.edu,needs-based
970,Jonis,Sibylla,jsibyllaqx@simplemachines.org,Graphical User Interface
971,Erastus,Pigram,epigramqy@google.co.jp,transitional
972,Cristi,Berndsen,cberndsenqz@accuweather.com,high-level
973,Loraine,McLaggan,lmclagganr0@amazonaws.com,Function-based
974,Caitrin,Dews,cdewsr1@cdbaby.com,Cross-platform
975,Katharina,Van der Beken,kvanderbekenr2@desdev.cn,next generation
976,Oswell,Cokly,ocoklyr3@telegraph.co.uk,Graphic Interface
977,Gretta,Greenrde,ggreenrder4@ameblo.jp,fault-tolerant
978,Clarance,Shilburne,cshilburner5@howstuffworks.com,approach
979,Domingo,Petts,dpettsr6@opensource.org,groupware
980,Mari,Lytell,mlytellr7@skype.com,Profound
981,Claiborn,Poulglais,cpoulglaisr8@booking.com,Synergistic
982,Thomasa,Sterrie,tsterrier9@lulu.com,knowledge user
983,Bartram,Pautot,bpautotra@meetup.com,Public-key
984,Kimmie,Garvill,kgarvillrb@posterous.com,Team-oriented
985,Evy,Coleshill,ecoleshillrc@vinaora.com,time-frame
986,Dara,Palomba,dpalombard@ca.gov,Graphic Interface
987,Janetta,Mangeon,jmangeonre@sciencedirect.com,explicit
988,Florencia,Grimstead,fgrimsteadrf@seattletimes.com,Organic
989,Sallyanne,Castelli,scastellirg@godaddy.com,access
990,Maridel,Geeraert,mgeeraertrh@addtoany.com,actuating
991,Humberto,Plackstone,hplackstoneri@buzzfeed.com,Operative
992,Niki,Lissandre,nlissandrerj@sakura.ne.jp,scalable
993,Forrester,Parkes,fparkesrk@diigo.com,logistical
994,Roxanne,Mash,rmashrl@hud.gov,Synergized
995,Amalie,Burnhard,aburnhardrm@parallels.com,Cross-platform
996,Quintilla,Kampshell,qkampshellrn@cornell.edu,Monitored
997,Rem,Sidon,rsidonro@dmoz.org,high-level
998,Shaun,Devas,sdevasrp@google.ru,Fully-configurable
999,Poppy,Mountcastle,pmountcastlerq@ezinearticles.com,Reverse-engineered
1000,Edik,Edmondson,eedmondsonrr@twitpic.com,strategy
